{
    "logistic_regression": {
        "accuracy": 0.9885496183206107,
        "precision": 1.0,
        "recall": 0.9654178674351584,
        "f1_score": 0.9824046920821115,
        "roc_auc": 0.9999835558095269
    },
    "random_forest": {
        "accuracy": 1.0,
        "precision": 1.0,
        "recall": 1.0,
        "f1_score": 1.0,
        "roc_auc": 1.0
    }
}